{"version":2,"languages":{"nodejs-npm":{"specfileHash":"0790d117a65e70122fa127940cd9cff8","lockfileHash":"75f9219b8f230d9dbc526dc527d5a5b9","guessedImports":["react","react-dom","ethers","@vitejs/plugin-react-refresh"],"guessedImportsHash":"fc49853d6a310776f3a783ca0a665b66"},"nodejs-yarn":{"specfileHash":"36fe129750f9b571f62775768dfd2747","lockfileHash":"8cd20b0f91e5e007eadff22a3178e342","guessedImports":["@vitejs/plugin-react-refresh","react","react-dom"],"guessedImportsHash":"24f6f3418ae857900ebf7b7e00dc4a7b"}}}
